mechanism,case,trial,expected,command_rc,decision_correct,state_correct,observed
AppArmor,direct_write,1,deny,1,1,1,deny
AppArmor,direct_write,2,deny,1,1,1,deny
AppArmor,direct_write,3,deny,1,1,1,deny
AppArmor,direct_write,4,deny,1,1,1,deny
AppArmor,direct_write,5,deny,1,1,1,deny
AppArmor,direct_write,6,deny,1,1,1,deny
AppArmor,direct_write,7,deny,1,1,1,deny
AppArmor,direct_write,8,deny,1,1,1,deny
AppArmor,direct_write,9,deny,1,1,1,deny
AppArmor,direct_write,10,deny,1,1,1,deny
AppArmor,direct_write,11,deny,1,1,1,deny
AppArmor,direct_write,12,deny,1,1,1,deny
AppArmor,direct_write,13,deny,1,1,1,deny
AppArmor,direct_write,14,deny,1,1,1,deny
AppArmor,direct_write,15,deny,1,1,1,deny
AppArmor,direct_write,16,deny,1,1,1,deny
AppArmor,direct_write,17,deny,1,1,1,deny
AppArmor,direct_write,18,deny,1,1,1,deny
AppArmor,direct_write,19,deny,1,1,1,deny
AppArmor,direct_write,20,deny,1,1,1,deny
AppArmor,direct_write,21,deny,1,1,1,deny
AppArmor,direct_write,22,deny,1,1,1,deny
AppArmor,direct_write,23,deny,1,1,1,deny
AppArmor,direct_write,24,deny,1,1,1,deny
AppArmor,direct_write,25,deny,1,1,1,deny
AppArmor,direct_write,26,deny,1,1,1,deny
AppArmor,direct_write,27,deny,1,1,1,deny
AppArmor,direct_write,28,deny,1,1,1,deny
AppArmor,direct_write,29,deny,1,1,1,deny
AppArmor,direct_write,30,deny,1,1,1,deny
AppArmor,direct_write,31,deny,1,1,1,deny
AppArmor,direct_write,32,deny,1,1,1,deny
AppArmor,direct_write,33,deny,1,1,1,deny
AppArmor,direct_write,34,deny,1,1,1,deny
AppArmor,direct_write,35,deny,1,1,1,deny
AppArmor,direct_write,36,deny,1,1,1,deny
AppArmor,direct_write,37,deny,1,1,1,deny
AppArmor,direct_write,38,deny,1,1,1,deny
AppArmor,direct_write,39,deny,1,1,1,deny
AppArmor,direct_write,40,deny,1,1,1,deny
AppArmor,direct_write,41,deny,1,1,1,deny
AppArmor,direct_write,42,deny,1,1,1,deny
AppArmor,direct_write,43,deny,1,1,1,deny
AppArmor,direct_write,44,deny,1,1,1,deny
AppArmor,direct_write,45,deny,1,1,1,deny
AppArmor,direct_write,46,deny,1,1,1,deny
AppArmor,direct_write,47,deny,1,1,1,deny
AppArmor,direct_write,48,deny,1,1,1,deny
AppArmor,direct_write,49,deny,1,1,1,deny
AppArmor,direct_write,50,deny,1,1,1,deny
AppArmor,direct_write,51,deny,1,1,1,deny
AppArmor,direct_write,52,deny,1,1,1,deny
AppArmor,direct_write,53,deny,1,1,1,deny
AppArmor,direct_write,54,deny,1,1,1,deny
AppArmor,direct_write,55,deny,1,1,1,deny
AppArmor,direct_write,56,deny,1,1,1,deny
AppArmor,direct_write,57,deny,1,1,1,deny
AppArmor,direct_write,58,deny,1,1,1,deny
AppArmor,direct_write,59,deny,1,1,1,deny
AppArmor,direct_write,60,deny,1,1,1,deny
AppArmor,direct_write,61,deny,1,1,1,deny
AppArmor,direct_write,62,deny,1,1,1,deny
AppArmor,direct_write,63,deny,1,1,1,deny
AppArmor,direct_write,64,deny,1,1,1,deny
AppArmor,direct_write,65,deny,1,1,1,deny
AppArmor,direct_write,66,deny,1,1,1,deny
AppArmor,direct_write,67,deny,1,1,1,deny
AppArmor,direct_write,68,deny,1,1,1,deny
AppArmor,direct_write,69,deny,1,1,1,deny
AppArmor,direct_write,70,deny,1,1,1,deny
AppArmor,direct_write,71,deny,1,1,1,deny
AppArmor,direct_write,72,deny,1,1,1,deny
AppArmor,direct_write,73,deny,1,1,1,deny
AppArmor,direct_write,74,deny,1,1,1,deny
AppArmor,direct_write,75,deny,1,1,1,deny
AppArmor,direct_write,76,deny,1,1,1,deny
AppArmor,direct_write,77,deny,1,1,1,deny
AppArmor,direct_write,78,deny,1,1,1,deny
AppArmor,direct_write,79,deny,1,1,1,deny
AppArmor,direct_write,80,deny,1,1,1,deny
AppArmor,direct_write,81,deny,1,1,1,deny
AppArmor,direct_write,82,deny,1,1,1,deny
AppArmor,direct_write,83,deny,1,1,1,deny
AppArmor,direct_write,84,deny,1,1,1,deny
AppArmor,direct_write,85,deny,1,1,1,deny
AppArmor,direct_write,86,deny,1,1,1,deny
AppArmor,direct_write,87,deny,1,1,1,deny
AppArmor,direct_write,88,deny,1,1,1,deny
AppArmor,direct_write,89,deny,1,1,1,deny
AppArmor,direct_write,90,deny,1,1,1,deny
AppArmor,direct_write,91,deny,1,1,1,deny
AppArmor,direct_write,92,deny,1,1,1,deny
AppArmor,direct_write,93,deny,1,1,1,deny
AppArmor,direct_write,94,deny,1,1,1,deny
AppArmor,direct_write,95,deny,1,1,1,deny
AppArmor,direct_write,96,deny,1,1,1,deny
AppArmor,direct_write,97,deny,1,1,1,deny
AppArmor,direct_write,98,deny,1,1,1,deny
AppArmor,direct_write,99,deny,1,1,1,deny
AppArmor,direct_write,100,deny,1,1,1,deny
AppArmor,symlink_write,1,deny,1,1,1,deny
AppArmor,symlink_write,2,deny,1,1,1,deny
AppArmor,symlink_write,3,deny,1,1,1,deny
AppArmor,symlink_write,4,deny,1,1,1,deny
AppArmor,symlink_write,5,deny,1,1,1,deny
AppArmor,symlink_write,6,deny,1,1,1,deny
AppArmor,symlink_write,7,deny,1,1,1,deny
AppArmor,symlink_write,8,deny,1,1,1,deny
AppArmor,symlink_write,9,deny,1,1,1,deny
AppArmor,symlink_write,10,deny,1,1,1,deny
AppArmor,symlink_write,11,deny,1,1,1,deny
AppArmor,symlink_write,12,deny,1,1,1,deny
AppArmor,symlink_write,13,deny,1,1,1,deny
AppArmor,symlink_write,14,deny,1,1,1,deny
AppArmor,symlink_write,15,deny,1,1,1,deny
AppArmor,symlink_write,16,deny,1,1,1,deny
AppArmor,symlink_write,17,deny,1,1,1,deny
AppArmor,symlink_write,18,deny,1,1,1,deny
AppArmor,symlink_write,19,deny,1,1,1,deny
AppArmor,symlink_write,20,deny,1,1,1,deny
AppArmor,symlink_write,21,deny,1,1,1,deny
AppArmor,symlink_write,22,deny,1,1,1,deny
AppArmor,symlink_write,23,deny,1,1,1,deny
AppArmor,symlink_write,24,deny,1,1,1,deny
AppArmor,symlink_write,25,deny,1,1,1,deny
AppArmor,symlink_write,26,deny,1,1,1,deny
AppArmor,symlink_write,27,deny,1,1,1,deny
AppArmor,symlink_write,28,deny,1,1,1,deny
AppArmor,symlink_write,29,deny,1,1,1,deny
AppArmor,symlink_write,30,deny,1,1,1,deny
AppArmor,symlink_write,31,deny,1,1,1,deny
AppArmor,symlink_write,32,deny,1,1,1,deny
AppArmor,symlink_write,33,deny,1,1,1,deny
AppArmor,symlink_write,34,deny,1,1,1,deny
AppArmor,symlink_write,35,deny,1,1,1,deny
AppArmor,symlink_write,36,deny,1,1,1,deny
AppArmor,symlink_write,37,deny,1,1,1,deny
AppArmor,symlink_write,38,deny,1,1,1,deny
AppArmor,symlink_write,39,deny,1,1,1,deny
AppArmor,symlink_write,40,deny,1,1,1,deny
AppArmor,symlink_write,41,deny,1,1,1,deny
AppArmor,symlink_write,42,deny,1,1,1,deny
AppArmor,symlink_write,43,deny,1,1,1,deny
AppArmor,symlink_write,44,deny,1,1,1,deny
AppArmor,symlink_write,45,deny,1,1,1,deny
AppArmor,symlink_write,46,deny,1,1,1,deny
AppArmor,symlink_write,47,deny,1,1,1,deny
AppArmor,symlink_write,48,deny,1,1,1,deny
AppArmor,symlink_write,49,deny,1,1,1,deny
AppArmor,symlink_write,50,deny,1,1,1,deny
AppArmor,symlink_write,51,deny,1,1,1,deny
AppArmor,symlink_write,52,deny,1,1,1,deny
AppArmor,symlink_write,53,deny,1,1,1,deny
AppArmor,symlink_write,54,deny,1,1,1,deny
AppArmor,symlink_write,55,deny,1,1,1,deny
AppArmor,symlink_write,56,deny,1,1,1,deny
AppArmor,symlink_write,57,deny,1,1,1,deny
AppArmor,symlink_write,58,deny,1,1,1,deny
AppArmor,symlink_write,59,deny,1,1,1,deny
AppArmor,symlink_write,60,deny,1,1,1,deny
AppArmor,symlink_write,61,deny,1,1,1,deny
AppArmor,symlink_write,62,deny,1,1,1,deny
AppArmor,symlink_write,63,deny,1,1,1,deny
AppArmor,symlink_write,64,deny,1,1,1,deny
AppArmor,symlink_write,65,deny,1,1,1,deny
AppArmor,symlink_write,66,deny,1,1,1,deny
AppArmor,symlink_write,67,deny,1,1,1,deny
AppArmor,symlink_write,68,deny,1,1,1,deny
AppArmor,symlink_write,69,deny,1,1,1,deny
AppArmor,symlink_write,70,deny,1,1,1,deny
AppArmor,symlink_write,71,deny,1,1,1,deny
AppArmor,symlink_write,72,deny,1,1,1,deny
AppArmor,symlink_write,73,deny,1,1,1,deny
AppArmor,symlink_write,74,deny,1,1,1,deny
AppArmor,symlink_write,75,deny,1,1,1,deny
AppArmor,symlink_write,76,deny,1,1,1,deny
AppArmor,symlink_write,77,deny,1,1,1,deny
AppArmor,symlink_write,78,deny,1,1,1,deny
AppArmor,symlink_write,79,deny,1,1,1,deny
AppArmor,symlink_write,80,deny,1,1,1,deny
AppArmor,symlink_write,81,deny,1,1,1,deny
AppArmor,symlink_write,82,deny,1,1,1,deny
AppArmor,symlink_write,83,deny,1,1,1,deny
AppArmor,symlink_write,84,deny,1,1,1,deny
AppArmor,symlink_write,85,deny,1,1,1,deny
AppArmor,symlink_write,86,deny,1,1,1,deny
AppArmor,symlink_write,87,deny,1,1,1,deny
AppArmor,symlink_write,88,deny,1,1,1,deny
AppArmor,symlink_write,89,deny,1,1,1,deny
AppArmor,symlink_write,90,deny,1,1,1,deny
AppArmor,symlink_write,91,deny,1,1,1,deny
AppArmor,symlink_write,92,deny,1,1,1,deny
AppArmor,symlink_write,93,deny,1,1,1,deny
AppArmor,symlink_write,94,deny,1,1,1,deny
AppArmor,symlink_write,95,deny,1,1,1,deny
AppArmor,symlink_write,96,deny,1,1,1,deny
AppArmor,symlink_write,97,deny,1,1,1,deny
AppArmor,symlink_write,98,deny,1,1,1,deny
AppArmor,symlink_write,99,deny,1,1,1,deny
AppArmor,symlink_write,100,deny,1,1,1,deny
AppArmor,hardlink_write,1,deny,0,0,0,allow
AppArmor,hardlink_write,2,deny,0,0,0,allow
AppArmor,hardlink_write,3,deny,0,0,0,allow
AppArmor,hardlink_write,4,deny,0,0,0,allow
AppArmor,hardlink_write,5,deny,0,0,0,allow
AppArmor,hardlink_write,6,deny,0,0,0,allow
AppArmor,hardlink_write,7,deny,0,0,0,allow
AppArmor,hardlink_write,8,deny,0,0,0,allow
AppArmor,hardlink_write,9,deny,0,0,0,allow
AppArmor,hardlink_write,10,deny,0,0,0,allow
AppArmor,hardlink_write,11,deny,0,0,0,allow
AppArmor,hardlink_write,12,deny,0,0,0,allow
AppArmor,hardlink_write,13,deny,0,0,0,allow
AppArmor,hardlink_write,14,deny,0,0,0,allow
AppArmor,hardlink_write,15,deny,0,0,0,allow
AppArmor,hardlink_write,16,deny,0,0,0,allow
AppArmor,hardlink_write,17,deny,0,0,0,allow
AppArmor,hardlink_write,18,deny,0,0,0,allow
AppArmor,hardlink_write,19,deny,0,0,0,allow
AppArmor,hardlink_write,20,deny,0,0,0,allow
AppArmor,hardlink_write,21,deny,0,0,0,allow
AppArmor,hardlink_write,22,deny,0,0,0,allow
AppArmor,hardlink_write,23,deny,0,0,0,allow
AppArmor,hardlink_write,24,deny,0,0,0,allow
AppArmor,hardlink_write,25,deny,0,0,0,allow
AppArmor,hardlink_write,26,deny,0,0,0,allow
AppArmor,hardlink_write,27,deny,0,0,0,allow
AppArmor,hardlink_write,28,deny,0,0,0,allow
AppArmor,hardlink_write,29,deny,0,0,0,allow
AppArmor,hardlink_write,30,deny,0,0,0,allow
AppArmor,hardlink_write,31,deny,0,0,0,allow
AppArmor,hardlink_write,32,deny,0,0,0,allow
AppArmor,hardlink_write,33,deny,0,0,0,allow
AppArmor,hardlink_write,34,deny,0,0,0,allow
AppArmor,hardlink_write,35,deny,0,0,0,allow
AppArmor,hardlink_write,36,deny,0,0,0,allow
AppArmor,hardlink_write,37,deny,0,0,0,allow
AppArmor,hardlink_write,38,deny,0,0,0,allow
AppArmor,hardlink_write,39,deny,0,0,0,allow
AppArmor,hardlink_write,40,deny,0,0,0,allow
AppArmor,hardlink_write,41,deny,0,0,0,allow
AppArmor,hardlink_write,42,deny,0,0,0,allow
AppArmor,hardlink_write,43,deny,0,0,0,allow
AppArmor,hardlink_write,44,deny,0,0,0,allow
AppArmor,hardlink_write,45,deny,0,0,0,allow
AppArmor,hardlink_write,46,deny,0,0,0,allow
AppArmor,hardlink_write,47,deny,0,0,0,allow
AppArmor,hardlink_write,48,deny,0,0,0,allow
AppArmor,hardlink_write,49,deny,0,0,0,allow
AppArmor,hardlink_write,50,deny,0,0,0,allow
AppArmor,hardlink_write,51,deny,0,0,0,allow
AppArmor,hardlink_write,52,deny,0,0,0,allow
AppArmor,hardlink_write,53,deny,0,0,0,allow
AppArmor,hardlink_write,54,deny,0,0,0,allow
AppArmor,hardlink_write,55,deny,0,0,0,allow
AppArmor,hardlink_write,56,deny,0,0,0,allow
AppArmor,hardlink_write,57,deny,0,0,0,allow
AppArmor,hardlink_write,58,deny,0,0,0,allow
AppArmor,hardlink_write,59,deny,0,0,0,allow
AppArmor,hardlink_write,60,deny,0,0,0,allow
AppArmor,hardlink_write,61,deny,0,0,0,allow
AppArmor,hardlink_write,62,deny,0,0,0,allow
AppArmor,hardlink_write,63,deny,0,0,0,allow
AppArmor,hardlink_write,64,deny,0,0,0,allow
AppArmor,hardlink_write,65,deny,0,0,0,allow
AppArmor,hardlink_write,66,deny,0,0,0,allow
AppArmor,hardlink_write,67,deny,0,0,0,allow
AppArmor,hardlink_write,68,deny,0,0,0,allow
AppArmor,hardlink_write,69,deny,0,0,0,allow
AppArmor,hardlink_write,70,deny,0,0,0,allow
AppArmor,hardlink_write,71,deny,0,0,0,allow
AppArmor,hardlink_write,72,deny,0,0,0,allow
AppArmor,hardlink_write,73,deny,0,0,0,allow
AppArmor,hardlink_write,74,deny,0,0,0,allow
AppArmor,hardlink_write,75,deny,0,0,0,allow
AppArmor,hardlink_write,76,deny,0,0,0,allow
AppArmor,hardlink_write,77,deny,0,0,0,allow
AppArmor,hardlink_write,78,deny,0,0,0,allow
AppArmor,hardlink_write,79,deny,0,0,0,allow
AppArmor,hardlink_write,80,deny,0,0,0,allow
AppArmor,hardlink_write,81,deny,0,0,0,allow
AppArmor,hardlink_write,82,deny,0,0,0,allow
AppArmor,hardlink_write,83,deny,0,0,0,allow
AppArmor,hardlink_write,84,deny,0,0,0,allow
AppArmor,hardlink_write,85,deny,0,0,0,allow
AppArmor,hardlink_write,86,deny,0,0,0,allow
AppArmor,hardlink_write,87,deny,0,0,0,allow
AppArmor,hardlink_write,88,deny,0,0,0,allow
AppArmor,hardlink_write,89,deny,0,0,0,allow
AppArmor,hardlink_write,90,deny,0,0,0,allow
AppArmor,hardlink_write,91,deny,0,0,0,allow
AppArmor,hardlink_write,92,deny,0,0,0,allow
AppArmor,hardlink_write,93,deny,0,0,0,allow
AppArmor,hardlink_write,94,deny,0,0,0,allow
AppArmor,hardlink_write,95,deny,0,0,0,allow
AppArmor,hardlink_write,96,deny,0,0,0,allow
AppArmor,hardlink_write,97,deny,0,0,0,allow
AppArmor,hardlink_write,98,deny,0,0,0,allow
AppArmor,hardlink_write,99,deny,0,0,0,allow
AppArmor,hardlink_write,100,deny,0,0,0,allow
AppArmor,rename_away,1,deny,1,1,1,deny
AppArmor,rename_away,2,deny,1,1,1,deny
AppArmor,rename_away,3,deny,1,1,1,deny
AppArmor,rename_away,4,deny,1,1,1,deny
AppArmor,rename_away,5,deny,1,1,1,deny
AppArmor,rename_away,6,deny,1,1,1,deny
AppArmor,rename_away,7,deny,1,1,1,deny
AppArmor,rename_away,8,deny,1,1,1,deny
AppArmor,rename_away,9,deny,1,1,1,deny
AppArmor,rename_away,10,deny,1,1,1,deny
AppArmor,rename_away,11,deny,1,1,1,deny
AppArmor,rename_away,12,deny,1,1,1,deny
AppArmor,rename_away,13,deny,1,1,1,deny
AppArmor,rename_away,14,deny,1,1,1,deny
AppArmor,rename_away,15,deny,1,1,1,deny
AppArmor,rename_away,16,deny,1,1,1,deny
AppArmor,rename_away,17,deny,1,1,1,deny
AppArmor,rename_away,18,deny,1,1,1,deny
AppArmor,rename_away,19,deny,1,1,1,deny
AppArmor,rename_away,20,deny,1,1,1,deny
AppArmor,rename_away,21,deny,1,1,1,deny
AppArmor,rename_away,22,deny,1,1,1,deny
AppArmor,rename_away,23,deny,1,1,1,deny
AppArmor,rename_away,24,deny,1,1,1,deny
AppArmor,rename_away,25,deny,1,1,1,deny
AppArmor,rename_away,26,deny,1,1,1,deny
AppArmor,rename_away,27,deny,1,1,1,deny
AppArmor,rename_away,28,deny,1,1,1,deny
AppArmor,rename_away,29,deny,1,1,1,deny
AppArmor,rename_away,30,deny,1,1,1,deny
AppArmor,rename_away,31,deny,1,1,1,deny
AppArmor,rename_away,32,deny,1,1,1,deny
AppArmor,rename_away,33,deny,1,1,1,deny
AppArmor,rename_away,34,deny,1,1,1,deny
AppArmor,rename_away,35,deny,1,1,1,deny
AppArmor,rename_away,36,deny,1,1,1,deny
AppArmor,rename_away,37,deny,1,1,1,deny
AppArmor,rename_away,38,deny,1,1,1,deny
AppArmor,rename_away,39,deny,1,1,1,deny
AppArmor,rename_away,40,deny,1,1,1,deny
AppArmor,rename_away,41,deny,1,1,1,deny
AppArmor,rename_away,42,deny,1,1,1,deny
AppArmor,rename_away,43,deny,1,1,1,deny
AppArmor,rename_away,44,deny,1,1,1,deny
AppArmor,rename_away,45,deny,1,1,1,deny
AppArmor,rename_away,46,deny,1,1,1,deny
AppArmor,rename_away,47,deny,1,1,1,deny
AppArmor,rename_away,48,deny,1,1,1,deny
AppArmor,rename_away,49,deny,1,1,1,deny
AppArmor,rename_away,50,deny,1,1,1,deny
AppArmor,rename_away,51,deny,1,1,1,deny
AppArmor,rename_away,52,deny,1,1,1,deny
AppArmor,rename_away,53,deny,1,1,1,deny
AppArmor,rename_away,54,deny,1,1,1,deny
AppArmor,rename_away,55,deny,1,1,1,deny
AppArmor,rename_away,56,deny,1,1,1,deny
AppArmor,rename_away,57,deny,1,1,1,deny
AppArmor,rename_away,58,deny,1,1,1,deny
AppArmor,rename_away,59,deny,1,1,1,deny
AppArmor,rename_away,60,deny,1,1,1,deny
AppArmor,rename_away,61,deny,1,1,1,deny
AppArmor,rename_away,62,deny,1,1,1,deny
AppArmor,rename_away,63,deny,1,1,1,deny
AppArmor,rename_away,64,deny,1,1,1,deny
AppArmor,rename_away,65,deny,1,1,1,deny
AppArmor,rename_away,66,deny,1,1,1,deny
AppArmor,rename_away,67,deny,1,1,1,deny
AppArmor,rename_away,68,deny,1,1,1,deny
AppArmor,rename_away,69,deny,1,1,1,deny
AppArmor,rename_away,70,deny,1,1,1,deny
AppArmor,rename_away,71,deny,1,1,1,deny
AppArmor,rename_away,72,deny,1,1,1,deny
AppArmor,rename_away,73,deny,1,1,1,deny
AppArmor,rename_away,74,deny,1,1,1,deny
AppArmor,rename_away,75,deny,1,1,1,deny
AppArmor,rename_away,76,deny,1,1,1,deny
AppArmor,rename_away,77,deny,1,1,1,deny
AppArmor,rename_away,78,deny,1,1,1,deny
AppArmor,rename_away,79,deny,1,1,1,deny
AppArmor,rename_away,80,deny,1,1,1,deny
AppArmor,rename_away,81,deny,1,1,1,deny
AppArmor,rename_away,82,deny,1,1,1,deny
AppArmor,rename_away,83,deny,1,1,1,deny
AppArmor,rename_away,84,deny,1,1,1,deny
AppArmor,rename_away,85,deny,1,1,1,deny
AppArmor,rename_away,86,deny,1,1,1,deny
AppArmor,rename_away,87,deny,1,1,1,deny
AppArmor,rename_away,88,deny,1,1,1,deny
AppArmor,rename_away,89,deny,1,1,1,deny
AppArmor,rename_away,90,deny,1,1,1,deny
AppArmor,rename_away,91,deny,1,1,1,deny
AppArmor,rename_away,92,deny,1,1,1,deny
AppArmor,rename_away,93,deny,1,1,1,deny
AppArmor,rename_away,94,deny,1,1,1,deny
AppArmor,rename_away,95,deny,1,1,1,deny
AppArmor,rename_away,96,deny,1,1,1,deny
AppArmor,rename_away,97,deny,1,1,1,deny
AppArmor,rename_away,98,deny,1,1,1,deny
AppArmor,rename_away,99,deny,1,1,1,deny
AppArmor,rename_away,100,deny,1,1,1,deny
AppArmor,unlink,1,deny,1,1,1,deny
AppArmor,unlink,2,deny,1,1,1,deny
AppArmor,unlink,3,deny,1,1,1,deny
AppArmor,unlink,4,deny,1,1,1,deny
AppArmor,unlink,5,deny,1,1,1,deny
AppArmor,unlink,6,deny,1,1,1,deny
AppArmor,unlink,7,deny,1,1,1,deny
AppArmor,unlink,8,deny,1,1,1,deny
AppArmor,unlink,9,deny,1,1,1,deny
AppArmor,unlink,10,deny,1,1,1,deny
AppArmor,unlink,11,deny,1,1,1,deny
AppArmor,unlink,12,deny,1,1,1,deny
AppArmor,unlink,13,deny,1,1,1,deny
AppArmor,unlink,14,deny,1,1,1,deny
AppArmor,unlink,15,deny,1,1,1,deny
AppArmor,unlink,16,deny,1,1,1,deny
AppArmor,unlink,17,deny,1,1,1,deny
AppArmor,unlink,18,deny,1,1,1,deny
AppArmor,unlink,19,deny,1,1,1,deny
AppArmor,unlink,20,deny,1,1,1,deny
AppArmor,unlink,21,deny,1,1,1,deny
AppArmor,unlink,22,deny,1,1,1,deny
AppArmor,unlink,23,deny,1,1,1,deny
AppArmor,unlink,24,deny,1,1,1,deny
AppArmor,unlink,25,deny,1,1,1,deny
AppArmor,unlink,26,deny,1,1,1,deny
AppArmor,unlink,27,deny,1,1,1,deny
AppArmor,unlink,28,deny,1,1,1,deny
AppArmor,unlink,29,deny,1,1,1,deny
AppArmor,unlink,30,deny,1,1,1,deny
AppArmor,unlink,31,deny,1,1,1,deny
AppArmor,unlink,32,deny,1,1,1,deny
AppArmor,unlink,33,deny,1,1,1,deny
AppArmor,unlink,34,deny,1,1,1,deny
AppArmor,unlink,35,deny,1,1,1,deny
AppArmor,unlink,36,deny,1,1,1,deny
AppArmor,unlink,37,deny,1,1,1,deny
AppArmor,unlink,38,deny,1,1,1,deny
AppArmor,unlink,39,deny,1,1,1,deny
AppArmor,unlink,40,deny,1,1,1,deny
AppArmor,unlink,41,deny,1,1,1,deny
AppArmor,unlink,42,deny,1,1,1,deny
AppArmor,unlink,43,deny,1,1,1,deny
AppArmor,unlink,44,deny,1,1,1,deny
AppArmor,unlink,45,deny,1,1,1,deny
AppArmor,unlink,46,deny,1,1,1,deny
AppArmor,unlink,47,deny,1,1,1,deny
AppArmor,unlink,48,deny,1,1,1,deny
AppArmor,unlink,49,deny,1,1,1,deny
AppArmor,unlink,50,deny,1,1,1,deny
AppArmor,unlink,51,deny,1,1,1,deny
AppArmor,unlink,52,deny,1,1,1,deny
AppArmor,unlink,53,deny,1,1,1,deny
AppArmor,unlink,54,deny,1,1,1,deny
AppArmor,unlink,55,deny,1,1,1,deny
AppArmor,unlink,56,deny,1,1,1,deny
AppArmor,unlink,57,deny,1,1,1,deny
AppArmor,unlink,58,deny,1,1,1,deny
AppArmor,unlink,59,deny,1,1,1,deny
AppArmor,unlink,60,deny,1,1,1,deny
AppArmor,unlink,61,deny,1,1,1,deny
AppArmor,unlink,62,deny,1,1,1,deny
AppArmor,unlink,63,deny,1,1,1,deny
AppArmor,unlink,64,deny,1,1,1,deny
AppArmor,unlink,65,deny,1,1,1,deny
AppArmor,unlink,66,deny,1,1,1,deny
AppArmor,unlink,67,deny,1,1,1,deny
AppArmor,unlink,68,deny,1,1,1,deny
AppArmor,unlink,69,deny,1,1,1,deny
AppArmor,unlink,70,deny,1,1,1,deny
AppArmor,unlink,71,deny,1,1,1,deny
AppArmor,unlink,72,deny,1,1,1,deny
AppArmor,unlink,73,deny,1,1,1,deny
AppArmor,unlink,74,deny,1,1,1,deny
AppArmor,unlink,75,deny,1,1,1,deny
AppArmor,unlink,76,deny,1,1,1,deny
AppArmor,unlink,77,deny,1,1,1,deny
AppArmor,unlink,78,deny,1,1,1,deny
AppArmor,unlink,79,deny,1,1,1,deny
AppArmor,unlink,80,deny,1,1,1,deny
AppArmor,unlink,81,deny,1,1,1,deny
AppArmor,unlink,82,deny,1,1,1,deny
AppArmor,unlink,83,deny,1,1,1,deny
AppArmor,unlink,84,deny,1,1,1,deny
AppArmor,unlink,85,deny,1,1,1,deny
AppArmor,unlink,86,deny,1,1,1,deny
AppArmor,unlink,87,deny,1,1,1,deny
AppArmor,unlink,88,deny,1,1,1,deny
AppArmor,unlink,89,deny,1,1,1,deny
AppArmor,unlink,90,deny,1,1,1,deny
AppArmor,unlink,91,deny,1,1,1,deny
AppArmor,unlink,92,deny,1,1,1,deny
AppArmor,unlink,93,deny,1,1,1,deny
AppArmor,unlink,94,deny,1,1,1,deny
AppArmor,unlink,95,deny,1,1,1,deny
AppArmor,unlink,96,deny,1,1,1,deny
AppArmor,unlink,97,deny,1,1,1,deny
AppArmor,unlink,98,deny,1,1,1,deny
AppArmor,unlink,99,deny,1,1,1,deny
AppArmor,unlink,100,deny,1,1,1,deny
AppArmor,rename_overwrite,1,deny,1,1,1,deny
AppArmor,rename_overwrite,2,deny,1,1,1,deny
AppArmor,rename_overwrite,3,deny,1,1,1,deny
AppArmor,rename_overwrite,4,deny,1,1,1,deny
AppArmor,rename_overwrite,5,deny,1,1,1,deny
AppArmor,rename_overwrite,6,deny,1,1,1,deny
AppArmor,rename_overwrite,7,deny,1,1,1,deny
AppArmor,rename_overwrite,8,deny,1,1,1,deny
AppArmor,rename_overwrite,9,deny,1,1,1,deny
AppArmor,rename_overwrite,10,deny,1,1,1,deny
AppArmor,rename_overwrite,11,deny,1,1,1,deny
AppArmor,rename_overwrite,12,deny,1,1,1,deny
AppArmor,rename_overwrite,13,deny,1,1,1,deny
AppArmor,rename_overwrite,14,deny,1,1,1,deny
AppArmor,rename_overwrite,15,deny,1,1,1,deny
AppArmor,rename_overwrite,16,deny,1,1,1,deny
AppArmor,rename_overwrite,17,deny,1,1,1,deny
AppArmor,rename_overwrite,18,deny,1,1,1,deny
AppArmor,rename_overwrite,19,deny,1,1,1,deny
AppArmor,rename_overwrite,20,deny,1,1,1,deny
AppArmor,rename_overwrite,21,deny,1,1,1,deny
AppArmor,rename_overwrite,22,deny,1,1,1,deny
AppArmor,rename_overwrite,23,deny,1,1,1,deny
AppArmor,rename_overwrite,24,deny,1,1,1,deny
AppArmor,rename_overwrite,25,deny,1,1,1,deny
AppArmor,rename_overwrite,26,deny,1,1,1,deny
AppArmor,rename_overwrite,27,deny,1,1,1,deny
AppArmor,rename_overwrite,28,deny,1,1,1,deny
AppArmor,rename_overwrite,29,deny,1,1,1,deny
AppArmor,rename_overwrite,30,deny,1,1,1,deny
AppArmor,rename_overwrite,31,deny,1,1,1,deny
AppArmor,rename_overwrite,32,deny,1,1,1,deny
AppArmor,rename_overwrite,33,deny,1,1,1,deny
AppArmor,rename_overwrite,34,deny,1,1,1,deny
AppArmor,rename_overwrite,35,deny,1,1,1,deny
AppArmor,rename_overwrite,36,deny,1,1,1,deny
AppArmor,rename_overwrite,37,deny,1,1,1,deny
AppArmor,rename_overwrite,38,deny,1,1,1,deny
AppArmor,rename_overwrite,39,deny,1,1,1,deny
AppArmor,rename_overwrite,40,deny,1,1,1,deny
AppArmor,rename_overwrite,41,deny,1,1,1,deny
AppArmor,rename_overwrite,42,deny,1,1,1,deny
AppArmor,rename_overwrite,43,deny,1,1,1,deny
AppArmor,rename_overwrite,44,deny,1,1,1,deny
AppArmor,rename_overwrite,45,deny,1,1,1,deny
AppArmor,rename_overwrite,46,deny,1,1,1,deny
AppArmor,rename_overwrite,47,deny,1,1,1,deny
AppArmor,rename_overwrite,48,deny,1,1,1,deny
AppArmor,rename_overwrite,49,deny,1,1,1,deny
AppArmor,rename_overwrite,50,deny,1,1,1,deny
AppArmor,rename_overwrite,51,deny,1,1,1,deny
AppArmor,rename_overwrite,52,deny,1,1,1,deny
AppArmor,rename_overwrite,53,deny,1,1,1,deny
AppArmor,rename_overwrite,54,deny,1,1,1,deny
AppArmor,rename_overwrite,55,deny,1,1,1,deny
AppArmor,rename_overwrite,56,deny,1,1,1,deny
AppArmor,rename_overwrite,57,deny,1,1,1,deny
AppArmor,rename_overwrite,58,deny,1,1,1,deny
AppArmor,rename_overwrite,59,deny,1,1,1,deny
AppArmor,rename_overwrite,60,deny,1,1,1,deny
AppArmor,rename_overwrite,61,deny,1,1,1,deny
AppArmor,rename_overwrite,62,deny,1,1,1,deny
AppArmor,rename_overwrite,63,deny,1,1,1,deny
AppArmor,rename_overwrite,64,deny,1,1,1,deny
AppArmor,rename_overwrite,65,deny,1,1,1,deny
AppArmor,rename_overwrite,66,deny,1,1,1,deny
AppArmor,rename_overwrite,67,deny,1,1,1,deny
AppArmor,rename_overwrite,68,deny,1,1,1,deny
AppArmor,rename_overwrite,69,deny,1,1,1,deny
AppArmor,rename_overwrite,70,deny,1,1,1,deny
AppArmor,rename_overwrite,71,deny,1,1,1,deny
AppArmor,rename_overwrite,72,deny,1,1,1,deny
AppArmor,rename_overwrite,73,deny,1,1,1,deny
AppArmor,rename_overwrite,74,deny,1,1,1,deny
AppArmor,rename_overwrite,75,deny,1,1,1,deny
AppArmor,rename_overwrite,76,deny,1,1,1,deny
AppArmor,rename_overwrite,77,deny,1,1,1,deny
AppArmor,rename_overwrite,78,deny,1,1,1,deny
AppArmor,rename_overwrite,79,deny,1,1,1,deny
AppArmor,rename_overwrite,80,deny,1,1,1,deny
AppArmor,rename_overwrite,81,deny,1,1,1,deny
AppArmor,rename_overwrite,82,deny,1,1,1,deny
AppArmor,rename_overwrite,83,deny,1,1,1,deny
AppArmor,rename_overwrite,84,deny,1,1,1,deny
AppArmor,rename_overwrite,85,deny,1,1,1,deny
AppArmor,rename_overwrite,86,deny,1,1,1,deny
AppArmor,rename_overwrite,87,deny,1,1,1,deny
AppArmor,rename_overwrite,88,deny,1,1,1,deny
AppArmor,rename_overwrite,89,deny,1,1,1,deny
AppArmor,rename_overwrite,90,deny,1,1,1,deny
AppArmor,rename_overwrite,91,deny,1,1,1,deny
AppArmor,rename_overwrite,92,deny,1,1,1,deny
AppArmor,rename_overwrite,93,deny,1,1,1,deny
AppArmor,rename_overwrite,94,deny,1,1,1,deny
AppArmor,rename_overwrite,95,deny,1,1,1,deny
AppArmor,rename_overwrite,96,deny,1,1,1,deny
AppArmor,rename_overwrite,97,deny,1,1,1,deny
AppArmor,rename_overwrite,98,deny,1,1,1,deny
AppArmor,rename_overwrite,99,deny,1,1,1,deny
AppArmor,rename_overwrite,100,deny,1,1,1,deny
AppArmor,protected_read,1,allow,0,1,1,allow
AppArmor,protected_read,2,allow,0,1,1,allow
AppArmor,protected_read,3,allow,0,1,1,allow
AppArmor,protected_read,4,allow,0,1,1,allow
AppArmor,protected_read,5,allow,0,1,1,allow
AppArmor,protected_read,6,allow,0,1,1,allow
AppArmor,protected_read,7,allow,0,1,1,allow
AppArmor,protected_read,8,allow,0,1,1,allow
AppArmor,protected_read,9,allow,0,1,1,allow
AppArmor,protected_read,10,allow,0,1,1,allow
AppArmor,protected_read,11,allow,0,1,1,allow
AppArmor,protected_read,12,allow,0,1,1,allow
AppArmor,protected_read,13,allow,0,1,1,allow
AppArmor,protected_read,14,allow,0,1,1,allow
AppArmor,protected_read,15,allow,0,1,1,allow
AppArmor,protected_read,16,allow,0,1,1,allow
AppArmor,protected_read,17,allow,0,1,1,allow
AppArmor,protected_read,18,allow,0,1,1,allow
AppArmor,protected_read,19,allow,0,1,1,allow
AppArmor,protected_read,20,allow,0,1,1,allow
AppArmor,protected_read,21,allow,0,1,1,allow
AppArmor,protected_read,22,allow,0,1,1,allow
AppArmor,protected_read,23,allow,0,1,1,allow
AppArmor,protected_read,24,allow,0,1,1,allow
AppArmor,protected_read,25,allow,0,1,1,allow
AppArmor,protected_read,26,allow,0,1,1,allow
AppArmor,protected_read,27,allow,0,1,1,allow
AppArmor,protected_read,28,allow,0,1,1,allow
AppArmor,protected_read,29,allow,0,1,1,allow
AppArmor,protected_read,30,allow,0,1,1,allow
AppArmor,protected_read,31,allow,0,1,1,allow
AppArmor,protected_read,32,allow,0,1,1,allow
AppArmor,protected_read,33,allow,0,1,1,allow
AppArmor,protected_read,34,allow,0,1,1,allow
AppArmor,protected_read,35,allow,0,1,1,allow
AppArmor,protected_read,36,allow,0,1,1,allow
AppArmor,protected_read,37,allow,0,1,1,allow
AppArmor,protected_read,38,allow,0,1,1,allow
AppArmor,protected_read,39,allow,0,1,1,allow
AppArmor,protected_read,40,allow,0,1,1,allow
AppArmor,protected_read,41,allow,0,1,1,allow
AppArmor,protected_read,42,allow,0,1,1,allow
AppArmor,protected_read,43,allow,0,1,1,allow
AppArmor,protected_read,44,allow,0,1,1,allow
AppArmor,protected_read,45,allow,0,1,1,allow
AppArmor,protected_read,46,allow,0,1,1,allow
AppArmor,protected_read,47,allow,0,1,1,allow
AppArmor,protected_read,48,allow,0,1,1,allow
AppArmor,protected_read,49,allow,0,1,1,allow
AppArmor,protected_read,50,allow,0,1,1,allow
AppArmor,protected_read,51,allow,0,1,1,allow
AppArmor,protected_read,52,allow,0,1,1,allow
AppArmor,protected_read,53,allow,0,1,1,allow
AppArmor,protected_read,54,allow,0,1,1,allow
AppArmor,protected_read,55,allow,0,1,1,allow
AppArmor,protected_read,56,allow,0,1,1,allow
AppArmor,protected_read,57,allow,0,1,1,allow
AppArmor,protected_read,58,allow,0,1,1,allow
AppArmor,protected_read,59,allow,0,1,1,allow
AppArmor,protected_read,60,allow,0,1,1,allow
AppArmor,protected_read,61,allow,0,1,1,allow
AppArmor,protected_read,62,allow,0,1,1,allow
AppArmor,protected_read,63,allow,0,1,1,allow
AppArmor,protected_read,64,allow,0,1,1,allow
AppArmor,protected_read,65,allow,0,1,1,allow
AppArmor,protected_read,66,allow,0,1,1,allow
AppArmor,protected_read,67,allow,0,1,1,allow
AppArmor,protected_read,68,allow,0,1,1,allow
AppArmor,protected_read,69,allow,0,1,1,allow
AppArmor,protected_read,70,allow,0,1,1,allow
AppArmor,protected_read,71,allow,0,1,1,allow
AppArmor,protected_read,72,allow,0,1,1,allow
AppArmor,protected_read,73,allow,0,1,1,allow
AppArmor,protected_read,74,allow,0,1,1,allow
AppArmor,protected_read,75,allow,0,1,1,allow
AppArmor,protected_read,76,allow,0,1,1,allow
AppArmor,protected_read,77,allow,0,1,1,allow
AppArmor,protected_read,78,allow,0,1,1,allow
AppArmor,protected_read,79,allow,0,1,1,allow
AppArmor,protected_read,80,allow,0,1,1,allow
AppArmor,protected_read,81,allow,0,1,1,allow
AppArmor,protected_read,82,allow,0,1,1,allow
AppArmor,protected_read,83,allow,0,1,1,allow
AppArmor,protected_read,84,allow,0,1,1,allow
AppArmor,protected_read,85,allow,0,1,1,allow
AppArmor,protected_read,86,allow,0,1,1,allow
AppArmor,protected_read,87,allow,0,1,1,allow
AppArmor,protected_read,88,allow,0,1,1,allow
AppArmor,protected_read,89,allow,0,1,1,allow
AppArmor,protected_read,90,allow,0,1,1,allow
AppArmor,protected_read,91,allow,0,1,1,allow
AppArmor,protected_read,92,allow,0,1,1,allow
AppArmor,protected_read,93,allow,0,1,1,allow
AppArmor,protected_read,94,allow,0,1,1,allow
AppArmor,protected_read,95,allow,0,1,1,allow
AppArmor,protected_read,96,allow,0,1,1,allow
AppArmor,protected_read,97,allow,0,1,1,allow
AppArmor,protected_read,98,allow,0,1,1,allow
AppArmor,protected_read,99,allow,0,1,1,allow
AppArmor,protected_read,100,allow,0,1,1,allow
AppArmor,unrelated_write,1,allow,0,1,1,allow
AppArmor,unrelated_write,2,allow,0,1,1,allow
AppArmor,unrelated_write,3,allow,0,1,1,allow
AppArmor,unrelated_write,4,allow,0,1,1,allow
AppArmor,unrelated_write,5,allow,0,1,1,allow
AppArmor,unrelated_write,6,allow,0,1,1,allow
AppArmor,unrelated_write,7,allow,0,1,1,allow
AppArmor,unrelated_write,8,allow,0,1,1,allow
AppArmor,unrelated_write,9,allow,0,1,1,allow
AppArmor,unrelated_write,10,allow,0,1,1,allow
AppArmor,unrelated_write,11,allow,0,1,1,allow
AppArmor,unrelated_write,12,allow,0,1,1,allow
AppArmor,unrelated_write,13,allow,0,1,1,allow
AppArmor,unrelated_write,14,allow,0,1,1,allow
AppArmor,unrelated_write,15,allow,0,1,1,allow
AppArmor,unrelated_write,16,allow,0,1,1,allow
AppArmor,unrelated_write,17,allow,0,1,1,allow
AppArmor,unrelated_write,18,allow,0,1,1,allow
AppArmor,unrelated_write,19,allow,0,1,1,allow
AppArmor,unrelated_write,20,allow,0,1,1,allow
AppArmor,unrelated_write,21,allow,0,1,1,allow
AppArmor,unrelated_write,22,allow,0,1,1,allow
AppArmor,unrelated_write,23,allow,0,1,1,allow
AppArmor,unrelated_write,24,allow,0,1,1,allow
AppArmor,unrelated_write,25,allow,0,1,1,allow
AppArmor,unrelated_write,26,allow,0,1,1,allow
AppArmor,unrelated_write,27,allow,0,1,1,allow
AppArmor,unrelated_write,28,allow,0,1,1,allow
AppArmor,unrelated_write,29,allow,0,1,1,allow
AppArmor,unrelated_write,30,allow,0,1,1,allow
AppArmor,unrelated_write,31,allow,0,1,1,allow
AppArmor,unrelated_write,32,allow,0,1,1,allow
AppArmor,unrelated_write,33,allow,0,1,1,allow
AppArmor,unrelated_write,34,allow,0,1,1,allow
AppArmor,unrelated_write,35,allow,0,1,1,allow
AppArmor,unrelated_write,36,allow,0,1,1,allow
AppArmor,unrelated_write,37,allow,0,1,1,allow
AppArmor,unrelated_write,38,allow,0,1,1,allow
AppArmor,unrelated_write,39,allow,0,1,1,allow
AppArmor,unrelated_write,40,allow,0,1,1,allow
AppArmor,unrelated_write,41,allow,0,1,1,allow
AppArmor,unrelated_write,42,allow,0,1,1,allow
AppArmor,unrelated_write,43,allow,0,1,1,allow
AppArmor,unrelated_write,44,allow,0,1,1,allow
AppArmor,unrelated_write,45,allow,0,1,1,allow
AppArmor,unrelated_write,46,allow,0,1,1,allow
AppArmor,unrelated_write,47,allow,0,1,1,allow
AppArmor,unrelated_write,48,allow,0,1,1,allow
AppArmor,unrelated_write,49,allow,0,1,1,allow
AppArmor,unrelated_write,50,allow,0,1,1,allow
AppArmor,unrelated_write,51,allow,0,1,1,allow
AppArmor,unrelated_write,52,allow,0,1,1,allow
AppArmor,unrelated_write,53,allow,0,1,1,allow
AppArmor,unrelated_write,54,allow,0,1,1,allow
AppArmor,unrelated_write,55,allow,0,1,1,allow
AppArmor,unrelated_write,56,allow,0,1,1,allow
AppArmor,unrelated_write,57,allow,0,1,1,allow
AppArmor,unrelated_write,58,allow,0,1,1,allow
AppArmor,unrelated_write,59,allow,0,1,1,allow
AppArmor,unrelated_write,60,allow,0,1,1,allow
AppArmor,unrelated_write,61,allow,0,1,1,allow
AppArmor,unrelated_write,62,allow,0,1,1,allow
AppArmor,unrelated_write,63,allow,0,1,1,allow
AppArmor,unrelated_write,64,allow,0,1,1,allow
AppArmor,unrelated_write,65,allow,0,1,1,allow
AppArmor,unrelated_write,66,allow,0,1,1,allow
AppArmor,unrelated_write,67,allow,0,1,1,allow
AppArmor,unrelated_write,68,allow,0,1,1,allow
AppArmor,unrelated_write,69,allow,0,1,1,allow
AppArmor,unrelated_write,70,allow,0,1,1,allow
AppArmor,unrelated_write,71,allow,0,1,1,allow
AppArmor,unrelated_write,72,allow,0,1,1,allow
AppArmor,unrelated_write,73,allow,0,1,1,allow
AppArmor,unrelated_write,74,allow,0,1,1,allow
AppArmor,unrelated_write,75,allow,0,1,1,allow
AppArmor,unrelated_write,76,allow,0,1,1,allow
AppArmor,unrelated_write,77,allow,0,1,1,allow
AppArmor,unrelated_write,78,allow,0,1,1,allow
AppArmor,unrelated_write,79,allow,0,1,1,allow
AppArmor,unrelated_write,80,allow,0,1,1,allow
AppArmor,unrelated_write,81,allow,0,1,1,allow
AppArmor,unrelated_write,82,allow,0,1,1,allow
AppArmor,unrelated_write,83,allow,0,1,1,allow
AppArmor,unrelated_write,84,allow,0,1,1,allow
AppArmor,unrelated_write,85,allow,0,1,1,allow
AppArmor,unrelated_write,86,allow,0,1,1,allow
AppArmor,unrelated_write,87,allow,0,1,1,allow
AppArmor,unrelated_write,88,allow,0,1,1,allow
AppArmor,unrelated_write,89,allow,0,1,1,allow
AppArmor,unrelated_write,90,allow,0,1,1,allow
AppArmor,unrelated_write,91,allow,0,1,1,allow
AppArmor,unrelated_write,92,allow,0,1,1,allow
AppArmor,unrelated_write,93,allow,0,1,1,allow
AppArmor,unrelated_write,94,allow,0,1,1,allow
AppArmor,unrelated_write,95,allow,0,1,1,allow
AppArmor,unrelated_write,96,allow,0,1,1,allow
AppArmor,unrelated_write,97,allow,0,1,1,allow
AppArmor,unrelated_write,98,allow,0,1,1,allow
AppArmor,unrelated_write,99,allow,0,1,1,allow
AppArmor,unrelated_write,100,allow,0,1,1,allow
