condition,trial,iterations,allowed,denied,total_ns,ns_per_operation
baseline_write,1,5000,5000,0,30512800,6102.560
baseline_read,1,5000,5000,0,32965800,6593.160
baseline_write,2,5000,5000,0,29194600,5838.920
baseline_read,2,5000,5000,0,29309300,5861.860
baseline_write,3,5000,5000,0,29647200,5929.440
baseline_read,3,5000,5000,0,31461100,6292.220
baseline_write,4,5000,5000,0,38446300,7689.260
baseline_read,4,5000,5000,0,29756400,5951.280
baseline_write,5,5000,5000,0,33317600,6663.520
baseline_read,5,5000,5000,0,27143700,5428.740
baseline_write,6,5000,5000,0,29492200,5898.440
baseline_read,6,5000,5000,0,38795000,7759.000
baseline_write,7,5000,5000,0,31387000,6277.400
baseline_read,7,5000,5000,0,31142200,6228.440
baseline_write,8,5000,5000,0,30919500,6183.900
baseline_read,8,5000,5000,0,33785700,6757.140
baseline_write,9,5000,5000,0,33518400,6703.680
baseline_read,9,5000,5000,0,28679600,5735.920
baseline_write,10,5000,5000,0,40289200,8057.840
baseline_read,10,5000,5000,0,29022500,5804.500
baseline_write,11,5000,5000,0,34496900,6899.380
baseline_read,11,5000,5000,0,35365500,7073.100
baseline_write,12,5000,5000,0,33220900,6644.180
baseline_read,12,5000,5000,0,29380400,5876.080
baseline_write,13,5000,5000,0,32275300,6455.060
baseline_read,13,5000,5000,0,29326900,5865.380
baseline_write,14,5000,5000,0,33353700,6670.740
baseline_read,14,5000,5000,0,25649200,5129.840
baseline_write,15,5000,5000,0,35297600,7059.520
baseline_read,15,5000,5000,0,28696900,5739.380
baseline_write,16,5000,5000,0,32706700,6541.340
baseline_read,16,5000,5000,0,31970700,6394.140
baseline_write,17,5000,5000,0,32024300,6404.860
baseline_read,17,5000,5000,0,27680500,5536.100
baseline_write,18,5000,5000,0,33746300,6749.260
baseline_read,18,5000,5000,0,31448400,6289.680
baseline_write,19,5000,5000,0,34273300,6854.660
baseline_read,19,5000,5000,0,44437100,8887.420
baseline_write,20,5000,5000,0,35020900,7004.180
baseline_read,20,5000,5000,0,29784900,5956.980
baseline_write,21,5000,5000,0,29603400,5920.680
baseline_read,21,5000,5000,0,24863900,4972.780
baseline_write,22,5000,5000,0,30315900,6063.180
baseline_read,22,5000,5000,0,24739800,4947.960
baseline_write,23,5000,5000,0,30230000,6046.000
baseline_read,23,5000,5000,0,28553900,5710.780
baseline_write,24,5000,5000,0,30500600,6100.120
baseline_read,24,5000,5000,0,25433600,5086.720
baseline_write,25,5000,5000,0,27275100,5455.020
baseline_read,25,5000,5000,0,23368200,4673.640
baseline_write,26,5000,5000,0,27353900,5470.780
baseline_read,26,5000,5000,0,23251100,4650.220
baseline_write,27,5000,5000,0,24386900,4877.380
baseline_read,27,5000,5000,0,23359000,4671.800
baseline_write,28,5000,5000,0,31414000,6282.800
baseline_read,28,5000,5000,0,24583700,4916.740
baseline_write,29,5000,5000,0,24095200,4819.040
baseline_read,29,5000,5000,0,23783200,4756.640
baseline_write,30,5000,5000,0,34106700,6821.340
baseline_read,30,5000,5000,0,28463500,5692.700
monitored_unrelated_write,1,5000,5000,0,32361600,6472.320
protected_read,1,5000,5000,0,30391800,6078.360
protected_unauthorized_write,1,1000,0,1000,2667200,2667.200
protected_authorized_write,1,1000,1000,0,8419700,8419.700
monitored_unrelated_write,2,5000,5000,0,33571300,6714.260
protected_read,2,5000,5000,0,29774300,5954.860
protected_unauthorized_write,2,1000,0,1000,3911700,3911.700
protected_authorized_write,2,1000,1000,0,13476200,13476.200
monitored_unrelated_write,3,5000,5000,0,32090800,6418.160
protected_read,3,5000,5000,0,30539300,6107.860
protected_unauthorized_write,3,1000,0,1000,6107000,6107.000
protected_authorized_write,3,1000,1000,0,8952300,8952.300
monitored_unrelated_write,4,5000,5000,0,36776600,7355.320
protected_read,4,5000,5000,0,29686900,5937.380
protected_unauthorized_write,4,1000,0,1000,7471200,7471.200
protected_authorized_write,4,1000,1000,0,18909500,18909.500
monitored_unrelated_write,5,5000,5000,0,34001700,6800.340
protected_read,5,5000,5000,0,30198400,6039.680
protected_unauthorized_write,5,1000,0,1000,4016700,4016.700
protected_authorized_write,5,1000,1000,0,10019100,10019.100
monitored_unrelated_write,6,5000,5000,0,40946500,8189.300
protected_read,6,5000,5000,0,27439100,5487.820
protected_unauthorized_write,6,1000,0,1000,4423900,4423.900
protected_authorized_write,6,1000,1000,0,14834400,14834.400
monitored_unrelated_write,7,5000,5000,0,35417100,7083.420
protected_read,7,5000,5000,0,35373200,7074.640
protected_unauthorized_write,7,1000,0,1000,3809900,3809.900
protected_authorized_write,7,1000,1000,0,21877600,21877.600
monitored_unrelated_write,8,5000,5000,0,35250500,7050.100
protected_read,8,5000,5000,0,31325200,6265.040
protected_unauthorized_write,8,1000,0,1000,4230400,4230.400
protected_authorized_write,8,1000,1000,0,15506700,15506.700
monitored_unrelated_write,9,5000,5000,0,40117200,8023.440
protected_read,9,5000,5000,0,27946700,5589.340
protected_unauthorized_write,9,1000,0,1000,4543900,4543.900
protected_authorized_write,9,1000,1000,0,18513700,18513.700
monitored_unrelated_write,10,5000,5000,0,30622500,6124.500
protected_read,10,5000,5000,0,27993900,5598.780
protected_unauthorized_write,10,1000,0,1000,5010200,5010.200
protected_authorized_write,10,1000,1000,0,7936500,7936.500
monitored_unrelated_write,11,5000,5000,0,32163700,6432.740
protected_read,11,5000,5000,0,29279200,5855.840
protected_unauthorized_write,11,1000,0,1000,3987400,3987.400
protected_authorized_write,11,1000,1000,0,10015600,10015.600
monitored_unrelated_write,12,5000,5000,0,29350300,5870.060
protected_read,12,5000,5000,0,26829600,5365.920
protected_unauthorized_write,12,1000,0,1000,5546300,5546.300
protected_authorized_write,12,1000,1000,0,17488200,17488.200
monitored_unrelated_write,13,5000,5000,0,32297400,6459.480
protected_read,13,5000,5000,0,28872400,5774.480
protected_unauthorized_write,13,1000,0,1000,6555100,6555.100
protected_authorized_write,13,1000,1000,0,9245900,9245.900
monitored_unrelated_write,14,5000,5000,0,35813600,7162.720
protected_read,14,5000,5000,0,30680700,6136.140
protected_unauthorized_write,14,1000,0,1000,3699500,3699.500
protected_authorized_write,14,1000,1000,0,16103500,16103.500
monitored_unrelated_write,15,5000,5000,0,33672300,6734.460
protected_read,15,5000,5000,0,32276600,6455.320
protected_unauthorized_write,15,1000,0,1000,3780300,3780.300
protected_authorized_write,15,1000,1000,0,11604100,11604.100
monitored_unrelated_write,16,5000,5000,0,38541000,7708.200
protected_read,16,5000,5000,0,26594600,5318.920
protected_unauthorized_write,16,1000,0,1000,4002200,4002.200
protected_authorized_write,16,1000,1000,0,10575100,10575.100
monitored_unrelated_write,17,5000,5000,0,33725700,6745.140
protected_read,17,5000,5000,0,28259200,5651.840
protected_unauthorized_write,17,1000,0,1000,4512800,4512.800
protected_authorized_write,17,1000,1000,0,11292300,11292.300
monitored_unrelated_write,18,5000,5000,0,38086700,7617.340
protected_read,18,5000,5000,0,29751100,5950.220
protected_unauthorized_write,18,1000,0,1000,3607100,3607.100
protected_authorized_write,18,1000,1000,0,13148100,13148.100
monitored_unrelated_write,19,5000,5000,0,31369200,6273.840
protected_read,19,5000,5000,0,30151900,6030.380
protected_unauthorized_write,19,1000,0,1000,5633800,5633.800
protected_authorized_write,19,1000,1000,0,22365500,22365.500
monitored_unrelated_write,20,5000,5000,0,30521100,6104.220
protected_read,20,5000,5000,0,28852400,5770.480
protected_unauthorized_write,20,1000,0,1000,3601600,3601.600
protected_authorized_write,20,1000,1000,0,8227700,8227.700
monitored_unrelated_write,21,5000,5000,0,27413500,5482.700
protected_read,21,5000,5000,0,26160100,5232.020
protected_unauthorized_write,21,1000,0,1000,3748200,3748.200
protected_authorized_write,21,1000,1000,0,8691100,8691.100
monitored_unrelated_write,22,5000,5000,0,26076600,5215.320
protected_read,22,5000,5000,0,24909800,4981.960
protected_unauthorized_write,22,1000,0,1000,3856900,3856.900
protected_authorized_write,22,1000,1000,0,6030200,6030.200
monitored_unrelated_write,23,5000,5000,0,32974100,6594.820
protected_read,23,5000,5000,0,29508400,5901.680
protected_unauthorized_write,23,1000,0,1000,3840500,3840.500
protected_authorized_write,23,1000,1000,0,11880000,11880.000
monitored_unrelated_write,24,5000,5000,0,31464600,6292.920
protected_read,24,5000,5000,0,31769100,6353.820
protected_unauthorized_write,24,1000,0,1000,6941200,6941.200
protected_authorized_write,24,1000,1000,0,17784400,17784.400
monitored_unrelated_write,25,5000,5000,0,29542400,5908.480
protected_read,25,5000,5000,0,28479500,5695.900
protected_unauthorized_write,25,1000,0,1000,3612300,3612.300
protected_authorized_write,25,1000,1000,0,9046700,9046.700
monitored_unrelated_write,26,5000,5000,0,28283200,5656.640
protected_read,26,5000,5000,0,30707800,6141.560
protected_unauthorized_write,26,1000,0,1000,3914000,3914.000
protected_authorized_write,26,1000,1000,0,7782100,7782.100
monitored_unrelated_write,27,5000,5000,0,33084800,6616.960
protected_read,27,5000,5000,0,33525100,6705.020
protected_unauthorized_write,27,1000,0,1000,4801700,4801.700
protected_authorized_write,27,1000,1000,0,16527200,16527.200
monitored_unrelated_write,28,5000,5000,0,33165500,6633.100
protected_read,28,5000,5000,0,25437800,5087.560
protected_unauthorized_write,28,1000,0,1000,4685700,4685.700
protected_authorized_write,28,1000,1000,0,10214700,10214.700
monitored_unrelated_write,29,5000,5000,0,36832900,7366.580
protected_read,29,5000,5000,0,31507500,6301.500
protected_unauthorized_write,29,1000,0,1000,5275200,5275.200
protected_authorized_write,29,1000,1000,0,7000800,7000.800
monitored_unrelated_write,30,5000,5000,0,33874900,6774.980
protected_read,30,5000,5000,0,30494400,6098.880
protected_unauthorized_write,30,1000,0,1000,4524300,4524.300
protected_authorized_write,30,1000,1000,0,9888900,9888.900
